title,url,source,date,short_tag,category_refined,github_stars
OpenAI GPT-5.2 Launch,https://openai.com/index/introducing-gpt-5-2/,OpenAI,12/11/2025,Most advanced frontier model for professional work,1. Model Updates,
GPT-5.2 API December 2025,https://www.unifiedaihub.com/ai-news/openai-launches-gpt-5-2-most-advanced-ai-model-for-professional-work,Unified AI Hub,12/11/2025,GPT-5.2 Instant Thinking Pro variants API available,1. Model Updates,
OpenAI GPT-4o-latest API Deprecation,https://www.linkedin.com/news/story/openai-to-retire-api-access-to-the-gpt-4o-latest-model-6790164/,LinkedIn News,11/24/2025,GPT-4o-latest API sunset February 16 2026,1. Model Updates,
Anthropic Claude 4.5 Sonnet Launch,https://anthropic.mintlify.app/en/release-notes/overview,Anthropic Docs,9/29/2025,Best model for complex agents and coding,1. Model Updates,
Anthropic Claude Opus 4.5 Release,https://releasebot.io/updates/anthropic,Releasebot,11/24/2025,Stronger intelligence practical performance friendlier price,1. Model Updates,
Claude 3 Opus Deprecation,https://platform.claude.com/docs/en/about-claude/model-deprecations,Claude Docs,6/30/2025,Opus 3 retirement January 5 2026,1. Model Updates,
Claude 3 Sonnet Retirement,https://platform.claude.com/docs/en/about-claude/model-deprecations,Claude Docs,7/21/2025,Sonnet 3 fully retired no longer supported,1. Model Updates,
Claude 3.7 Sonnet Deprecation,https://platform.claude.com/docs/en/about-claude/model-deprecations,Claude Docs,10/28/2025,Sonnet 3.7 retirement February 19 2026,1. Model Updates,
Anthropic Model Weight Preservation,https://www.anthropic.com/research/deprecation-commitments,Anthropic,11/3/2025,Commitments on model deprecation and preservation,1. Model Updates,
Claude Haiku 4.5 Structured Outputs,https://releasebot.io/updates/anthropic/anthropic-api,Releasebot,12/4/2025,Structured outputs now supports Haiku 4.5,1. Model Updates,
Anthropic Usage Policy Update,https://www.anthropic.com/news/usage-policy-update,Anthropic,8/13/2025,Updated policy for computer use capabilities,8. Regulations & Technical Reports,
Claude API Usage and Cost API,https://anthropic.mintlify.app/en/release-notes/overview,Anthropic Docs,8/18/2025,Programmatically monitor organization usage and cost,1. Model Updates,
Claude Citations API Launch,https://anthropic.mintlify.app/en/release-notes/overview,Anthropic Docs,1/23/2025,Citations capability for source attribution,1. Model Updates,
Claude Prompt Caching Optimization,https://anthropic.mintlify.app/en/release-notes/overview,Anthropic Docs,1/15/2025,Automatic longest cached prefix reading,1. Model Updates,
Claude Agent Skills Launch,https://anthropic.mintlify.app/en/release-notes/overview,Anthropic Docs,9/29/2025,Skills for extending Claude capabilities,1. Model Updates,
Claude Agent Skills Open Standard,https://venturebeat.com/ai/anthropic-launches-enterprise-agent-skills-and-opens-the-standard,VentureBeat,12/18/2025,Enterprise Agent Skills as open standard,1. Model Updates,
Claude Tool Search Tool Beta,https://releasebot.io/updates/anthropic/anthropic-api,Releasebot,11/24/2025,Dynamic tool discovery from large catalogs,1. Model Updates,
Claude Effort Parameter Beta,https://releasebot.io/updates/anthropic/anthropic-api,Releasebot,11/24/2025,Control token usage vs thoroughness trade-off,1. Model Updates,
Claude Microsoft Foundry Launch,https://releasebot.io/updates/anthropic/anthropic-api,Releasebot,11/18/2025,Claude on Azure with OAuth authentication,1. Model Updates,
Claude API Organization ID Header,https://anthropic.mintlify.app/en/release-notes/overview,Anthropic Docs,2/10/2025,New response header for API organization ID,1. Model Updates,
DeepSeek R1 Release,https://api-docs.deepseek.com/news/news250120,DeepSeek,1/20/2025,Performance on par with OpenAI o1,1. Model Updates,
DeepSeek R1-0528 Update,https://www.datacamp.com/blog/deepseek-r1,DataCamp,5/28/2025,Better benchmarks function calling JSON support,4b. Benchmarks,
DeepSeek V3 Launch,https://en.wikipedia.org/wiki/DeepSeek,Wikipedia,12/1/2024,Training cost $6M vs GPT-4 $100M,1. Model Updates,
Google Gemini 3 Launch,https://blog.google/products/gemini/gemini-3/,Google,11/17/2025,Most intelligent model state-of-the-art reasoning,1. Model Updates,
Gemini 3 API Shadow Deploy,https://apidog.com/kr/blog/gemini-3-0-kr/,Apidog,11/17/2025,Gemini 3.0 quiet launch with preview endpoints,1. Model Updates,
Meta Llama 4 Scout Release,https://www.techtarget.com/whatis/feature/Meta-Llama-4-explained-Everything-you-need-to-know,TechTarget,4/5/2025,17B active params 10M token context,1. Model Updates,
Meta Llama 4 Maverick Release,https://www.techtarget.com/whatis/feature/Meta-Llama-4-explained-Everything-you-need-to-know,TechTarget,4/5/2025,400B params 1M token context window,1. Model Updates,
OpenAI GPT-4 Retirement,https://originality.ai/blog/gpt-4-retired-insights,Originality AI,4/1/2025,GPT-4 officially retired replaced by GPT-4o,1. Model Updates,
OpenAI o1-preview Deprecation,https://platform.openai.com/docs/deprecations,OpenAI,4/28/2025,o1-preview shutdown July 28 2025,1. Model Updates,
OpenAI o1-mini Deprecation,https://platform.openai.com/docs/deprecations,OpenAI,4/28/2025,o1-mini shutdown October 27 2025,1. Model Updates,
OpenAI GPT-4.5-preview Deprecation,https://platform.openai.com/docs/deprecations,OpenAI,4/14/2025,GPT-4.5-preview shutdown July 14 2025,1. Model Updates,
OpenAI GPT-5 Sunset Period,https://openai.com/index/gpt-5-1/,OpenAI,11/11/2025,GPT-5 legacy dropdown for 3 months,1. Model Updates,
Azure OpenAI o1-mini Retirement,https://learn.microsoft.com/en-us/azure/ai-foundry/openai/concepts/model-retirements?view=foundry-classic,Microsoft,11/17/2025,o1-mini retirement November 17 2025,9. Big Tech Trends,
Azure OpenAI Model Retirements Schedule,https://learn.microsoft.com/en-us/azure/ai-foundry/openai/concepts/model-retirements?view=foundry-classic,Microsoft,11/20/2025,Comprehensive model retirement dates,1. Model Updates,
OpenAI Realtime Mini Model Update,https://learn.microsoft.com/en-us/azure/ai-foundry/openai/whats-new?view=foundry-classic,Microsoft,12/15/2025,gpt-realtime-mini-2025-12-15 feature parity,1. Model Updates,
OpenAI TTS Model Update,https://learn.microsoft.com/en-us/azure/ai-foundry/openai/whats-new?view=foundry-classic,Microsoft,12/15/2025,gpt-4o-mini-tts-2025-12-15 multilingual benchmark,1. Model Updates,
OpenAI Realtime TTS Transcribe Drop,https://www.reddit.com/r/singularity/comments/1pnk2wp/openai_just_stealthdropped_new_20251215_versions/,Reddit,12/15/2025,New 2025-12-15 versions of audio models,1. Model Updates,
GPT-Image-1.5 Launch,https://releasebot.io/updates/openai,Releasebot,12/16/2025,Faster smarter ChatGPT Images upgrade,1. Model Updates,
GPT-5.2-Codex Release,https://releasebot.io/updates/openai,Releasebot,12/16/2025,GPT-5.2-Codex for Codex surfaces,1. Model Updates,
OpenAI Responses API Launch,https://platform.openai.com/docs/guides/migrate-to-responses,OpenAI,8/6/2025,Unified agentic interface with built-in tools,1. Model Updates,
OpenAI Responses API MCP Support,https://platform.openai.com/docs/guides/migrate-to-responses,OpenAI,8/6/2025,Remote MCP servers in Responses API,2. Frameworks (SDK / API),
OpenAI Reinforcement Fine-Tuning,https://community.openai.com/t/fine-tuning-updates-reinforcement-fine-tuning-now-available-gpt-4-1-nano-fine-tuning/1255539,OpenAI Community,5/7/2025,RFT for o4-mini GPT-4.1 nano fine-tuning,1. Model Updates,
OpenAI GPT-4.1 Nano Fine-Tuning,https://community.openai.com/t/fine-tuning-updates-reinforcement-fine-tuning-now-available-gpt-4-1-nano-fine-tuning/1255539,OpenAI Community,5/7/2025,Supervised fine-tuning for fastest cheapest model,1. Model Updates,
OpenAI GPT-5 Rate Limit Increase,https://community.openai.com/t/increased-gpt-5-and-gpt-5-mini-rate-limits/1357840,OpenAI Community,9/11/2025,GPT-5 Tier 1 30K to 500K TPM,1. Model Updates,
OpenAI Assistants API Deprecation,https://platform.openai.com/docs/guides/migrate-to-responses,OpenAI,8/26/2025,Assistants API sunset August 26 2026,2. Frameworks (SDK / API),
Claude Weekly Rate Limits,https://northflank.com/blog/claude-rate-limits-claude-code-pricing-cost,Northflank,8/28/2025,New weekly caps for paid subscribers,1. Model Updates,
Anthropic Rate Limits Update,https://www.reddit.com/r/ClaudeAI/comments/1o1wrrf/usage_limits_discussion_megathread_beginning/,Reddit,10/8/2025,Weekly usage limits Claude 4.5 update,1. Model Updates,
OWASP LLM Top 10 2025,https://deepstrike.io/blog/owasp-llm-top-10-vulnerabilities-2025,DeepStrike,10/20/2025,Prompt injection data leaks model theft,1. Model Updates,
OWASP Vector Embedding Weaknesses,https://brightsec.com/blog/owasp-top-10-for-llm-applications-in-2025/,Brightsec,11/22/2025,New 2025 risk for RAG vulnerabilities,8. Regulations & Technical Reports,
OWASP System Prompt Leakage,https://blog.qualys.com/vulnerabilities-threat-research/2024/11/25/ai-under-the-microscope-whats-changed-in-the-owasp-top-10-for,Qualys,11/24/2024,System prompt leakage added to 2025,6. Prompt / Code / Workflow / MCP / Agent,
Prompt Injection 2.0 Research,https://arxiv.org/html/2507.13169v1,arXiv,7/16/2025,Hybrid AI threats combining XSS CSRF,5. Papers,
Fortune 500 Prompt Injection Breach,https://www.obsidiansecurity.com/blog/prompt-injection,Obsidian Security,3/1/2025,Financial firm AI data leakage incident,3. New Tools,
MCP Security Audit Published,https://arxiv.org/html/2504.03767v2,arXiv,7/31/2025,MCP protocol security risks for LLMs,5. Papers,
Model Context Protocol MCP Launch,https://modelcontextprotocol.io/specification/2025-11-25,MCP,11/24/2025,Open protocol for LLM integrations,1. Model Updates,
MCP Linux Foundation Handover,https://siliconangle.com/2025/12/18/anthropic-makes-agent-skills-open-standard/,SiliconAngle,12/18/2025,MCP project transferred to Linux Foundation,6. Prompt / Code / Workflow / MCP / Agent,
SWE-bench Verified Release,https://openai.com/index/introducing-swe-bench-verified/,OpenAI,8/12/2024,Human-validated 500-sample coding benchmark,1. Model Updates,
SWE-bench Multimodal Integration,https://www.swebench.com/SWE-bench/,SWE-bench,1/13/2025,Private test split evaluation support,4b. Benchmarks,
OpenAI GPT-5.2 on Databricks,https://www.databricks.com/blog/openai-gpt-52-and-responses-api-databricks-build-trusted-data-aware-agentic-systems,Databricks,11/11/2025,Day one access to GPT-5.2,1. Model Updates,
NVIDIA Blackwell Platform Arrival,https://nvidianews.nvidia.com/news/nvidia-blackwell-platform-arrives-to-power-a-new-era-of-computing,NVIDIA,3/17/2024,25x cost energy reduction vs predecessor,3. New Tools,
NVIDIA Blackwell GPU 208B Transistors,https://nvidianews.nvidia.com/news/nvidia-blackwell-platform-arrives-to-power-a-new-era-of-computing,NVIDIA,3/17/2024,World's most powerful chip custom 4NP,9. Big Tech Trends,
NVIDIA 5th Gen NVLink,https://nvidianews.nvidia.com/news/nvidia-blackwell-platform-arrives-to-power-a-new-era-of-computing,NVIDIA,3/17/2024,1.8TB/s bidirectional per GPU 576 GPUs,9. Big Tech Trends,
NVIDIA Blackwell NVFP4 Support,https://www.edge-ai-vision.com/2025/10/nvidia-blackwell-the-impact-of-nvfp4-for-llm-inference/,Edge AI Vision,10/22/2025,2x LLM inference efficiency 4-bit precision,9. Big Tech Trends,
NVIDIA GB200 NVL72 Launch,https://nvidianews.nvidia.com/news/nvidia-blackwell-platform-arrives-to-power-a-new-era-of-computing,NVIDIA,3/17/2024,30x H100 performance LLM inference,1. Model Updates,
Blackwell Conquers MLPerf Training,https://www.reddit.com/r/MachineLearning/comments/1l39vua/n_nvidias_blackwell_conquers_largest_llm_training/,Reddit,6/4/2025,Clear leader across six benchmarks,4b. Benchmarks,
TensorRT-LLM Release 0.21.0,https://nvidia.github.io/TensorRT-LLM/release-notes.html,NVIDIA,12/1/2025,Gemma3 VLM MCP ScaffoldingLLM support,1. Model Updates,
TensorRT-LLM NVFP4 Quantization,https://nvidia.github.io/TensorRT-LLM/release-notes.html,NVIDIA,12/1/2025,w4a8_mxfp4_fp8 quantization support,9. Big Tech Trends,
TensorRT-LLM Llama4 Integration,https://nvidia.github.io/TensorRT-LLM/release-notes.html,NVIDIA,12/1/2025,Input processor Blackwell CGA FHMA kernels,1. Model Updates,
vLLM V1 Architecture Release,https://docs.vllm.ai/en/latest/usage/v1_guide.html,vLLM,1/27/2025,1.7x speedup zero-overhead prefix caching,1. Model Updates,
vLLM V1 Prefix Caching,https://docs.vllm.ai/en/latest/usage/v1_guide.html,vLLM,1/27/2025,Zero-overhead prefix caching supported,2. Frameworks (SDK / API),
vLLM PyTorch Foundation,https://pypi.org/project/vllm/,PyPI,5/1/2025,vLLM hosted under PyTorch Foundation,2. Frameworks (SDK / API),
vLLM Ascend v0.9.2rc1,https://vllm-ascend.readthedocs.io/en/latest/user_guide/release_notes.html,vLLM Ascend,7/11/2025,V1 engine default DeepSeek DBO support,2. Frameworks (SDK / API),
vLLM LoRA Multi-LoRA Support,https://vllm-ascend.readthedocs.io/en/latest/user_guide/release_notes.html,vLLM Ascend,5/8/2025,Dynamic serving for LoRA adapters,2. Frameworks (SDK / API),
Claude 3 Haiku Fine-Tuning GA,https://www.claude.com/blog/fine-tune-claude-3-haiku,Claude,7/9/2024,Fine-tuning generally available in Bedrock,1. Model Updates,
GPT-5.1-Codex-Max Context Compaction,https://recap.aitools.inc/p/openai-s-new-gpt-5-1-kills-the-context-window-limit,Recap AI Tools,11/23/2025,Compaction eliminates context window limit,1. Model Updates,
GPT-4.1 API Launch,https://openai.com/index/gpt-4-1/,OpenAI,4/13/2025,First nano model major coding gains,1. Model Updates,
Claude Sonnet 4 Context Upgrade,https://codingscape.com/blog/llms-with-largest-context-windows,CodingScape,10/21/2024,200K to 1M token window upgrade,1. Model Updates,
Gemini 2.5 Deep Think Mode,https://codingscape.com/blog/llms-with-largest-context-windows,CodingScape,10/21/2024,Pro adds Deep Think multi-hypothesis reasoning,1. Model Updates,
OpenAI Services Agreement Update,https://openai.com/policies/services-agreement/,OpenAI,12/1/2025,Updated business terms effective December 1,3. New Tools,
Gemini API Terms Update,https://ai.google.dev/gemini-api/terms,Google,12/18/2025,Effective December 18 2025 pricing changes,1. Model Updates,
US AI Export Controls Diffusion Rule,https://www.arnoldporter.com/en/perspectives/advisories/2025/01/commerce-dept-global-restrictions-on-ai-technologies,Arnold Porter,1/15/2025,Advanced IC model weight export restrictions,1. Model Updates,
US AI Export Presumption Rule,https://www.arnoldporter.com/en/perspectives/advisories/2025/01/commerce-dept-global-restrictions-on-ai-technologies,Arnold Porter,1/16/2025,Rebuttable presumption for advanced ICs,8. Regulations & Technical Reports,
EU AI Act GPAI Rules Enforcement,https://www.skadden.com/insights/publications/2025/08/eus-general-purpose-ai-obligations,Skadden,8/2/2025,General-purpose AI obligations in force,8. Regulations & Technical Reports,
EU AI Act Code of Practice,https://artificialintelligenceact.eu/code-of-practice-overview/,AI Act,7/29/2025,Transparency copyright safety requirements,8. Regulations & Technical Reports,
US Copyright Office AI Report,https://blog.kaboompics.com/can-you-use-ai%E2%80%91generated-images-for-commercial-use/,Kaboompics,7/24/2025,AI content without human input not copyrightable,6. Prompt / Code / Workflow / MCP / Agent,
LLMs.txt Google Docs Support,https://seoanalyst.in/news/seo-news-of-the-month-december/,SEO Analyst,12/3/2025,Google adds LLMs.txt to Search docs,9. Big Tech Trends,
News Corp Multi-LLM Licensing,https://digiday.com/media/news-corp-in-talks-with-google-for-ai-licensing-deal/,Digiday,11/5/2025,Multi-licensing LLM portfolio strategy,7. Case Study (Industry / ROI),
The Economist LLM Licensing,https://newdigitalage.co/ai/how-publisher-llm-deals-present-new-opportunities-for-advertisers/,New Digital Age,11/11/2025,Content licensing to private LLMs,7. Case Study (Industry / ROI),
OpenAI Context Window 400K,https://www.datastudios.org/post/chatgpt-token-limits-and-context-windows-updated-for-all-models-in-2025,DataStudios,8/17/2025,GPT-5 supports 400K token context,1. Model Updates,
GPT-5 Fast Context Downgrade,https://www.datastudios.org/post/chatgpt-token-limits-and-context-windows-updated-for-all-models-in-2025,DataStudios,8/17/2025,GPT-5 Fast downgrades 128K to 32K load,1. Model Updates,
GPT-4.1 1M Token API Context,https://www.datastudios.org/post/chatgpt-token-limits-and-context-windows-updated-for-all-models-in-2025,DataStudios,8/17/2025,API enables 1M token context window,1. Model Updates,
OpenAI Plus Context Window Cut,https://www.reddit.com/r/OpenAI/comments/1mlif1r/openai_has_halved_paying_users_context_windows/,Reddit,8/9/2025,o3 64K to GPT-5 32K overnight cut,1. Model Updates,
Azure API Management Token Limit,https://learn.microsoft.com/ko-kr/azure/api-management/llm-token-limit-policy,Microsoft,8/13/2025,llm-token-limit policy reference,2. Frameworks (SDK / API),
DeepSeek API Price Cut 50%,https://intuitionlabs.ai/articles/llm-api-pricing-comparison-2025,Intuition Labs,9/1/2025,DeepSeek cut API pricing over 50%,2. Frameworks (SDK / API),
DeepSeek Cache Mechanism,https://intuitionlabs.ai/articles/llm-api-pricing-comparison-2025,Intuition Labs,9/1/2025,Cache hit $0.028/M vs $0.28/M,2. Frameworks (SDK / API),
GPT-4.1 26% Price Reduction,https://futureagi.com/blogs/top-11-llm-api-providers-2025,FutureAGI,12/14/2025,GPT-4.1 reduces long-context task costs,1. Model Updates,
OpenAI Rate Limits Updated 2025,https://www.scriptbyai.com/rate-limits-openai-api/,Script by AI,12/11/2025,GPT-5.2 Sora 2 tier limits updated,1. Model Updates,
Anthropic Economic Index Report,https://www.anthropic.com/research/anthropic-economic-index-september-2025-report,Anthropic,9/11/2025,Directive automation usage surged to 39%,6. Prompt / Code / Workflow / MCP / Agent,
Perplexity Enterprise Max Tier,https://exploreaitogether.com/llm-usage-limits-comparison/,Explore AI Together,11/1/2025,$200/month Max tier unlimited queries,7. Case Study (Industry / ROI),
Grok Heavy $300 Tier,https://exploreaitogether.com/llm-usage-limits-comparison/,Explore AI Together,11/1/2025,$300/month Heavy tier unlimited requests,4b. Benchmarks,
Claude Pro Weekly Usage Cap,https://www.cloudzero.com/blog/claude-pricing/,CloudZero,8/25/2025,Pro tier weekly allocation limits,1. Model Updates,
MMLU GPT-5 Surpasses 91%,https://graphlogic.ai/blog/utilities/mmlu-better-benchmarking-for-llm-language-understanding/,GraphLogic AI,9/7/2025,GPT-5 achieves 91% expert-level performance,1. Model Updates,
MMLU Pro Dataset Expansion,https://www.vals.ai/benchmarks/mmlu_pro,Vals AI,12/16/2025,MMLU Pro harder benchmark released,1. Model Updates,
SWE-bench Verified Top Performers,https://airank.dev/benchmarks/swe-bench-verified,AI Rank,7/23/2025,GPT-5 74.9% Claude Opus 4.1 74.5%,1. Model Updates,
FrontierMath Benchmark Launch,https://graphlogic.ai/blog/ai-trends-insights/mmlu-benchmark-llm-language-understanding/,GraphLogic AI,9/6/2025,Adaptive difficulty O3 reaches 25.2%,1. Model Updates,
Humanity's Last Exam Leak,https://www.ainewshub.org/post/google-gemini-3-pro-rumors-release-date-features-and-what-to-expect-in-late-2025,AI News Hub,8/31/2025,Gemini 3.0 32.4% vs GPT-5 26.5%,1. Model Updates,
Agent Skills Open Specification,https://agentskills.io,Anthropic,12/18/2025,Open standard with reference SDK,2. Frameworks (SDK / API),
Microsoft VS Code Agent Skills,https://venturebeat.com/ai/anthropic-launches-enterprise-agent-skills-and-opens-the-standard,VentureBeat,12/18/2025,VS Code GitHub integrate Agent Skills,6. Prompt / Code / Workflow / MCP / Agent,
Cursor Windsurf GPT-5.2 Integration,https://openai.com/index/introducing-gpt-5-2/,OpenAI,12/11/2025,GPT-5.2 default across Windsurf Devin,1. Model Updates,
GPT-5.2 Responses Compact Endpoint,https://openai.com/index/introducing-gpt-5-2/,OpenAI,12/11/2025,Extends context for long-running workflows,1. Model Updates,
GPT-5.2 Mega-Agent Architecture,https://openai.com/index/introducing-gpt-5-2/,OpenAI,12/11/2025,Single agent replaces multi-agent fragility,1. Model Updates,
GPT-5.2 xhigh Reasoning Effort,https://openai.com/index/introducing-gpt-5-2/,OpenAI,12/11/2025,Fifth reasoning effort for quality tasks,1. Model Updates,
OpenAI Stored Completions API,https://learn.microsoft.com/en-us/azure/ai-foundry/openai/whats-new?view=foundry-classic,Microsoft,2/1/2025,Capture history for evals fine-tuning,2. Frameworks (SDK / API),
Azure OpenAI GPT-4.5 Preview,https://learn.microsoft.com/en-us/azure/ai-foundry/openai/whats-new?view=foundry-classic,Microsoft,2/1/2025,Latest GPT model text image tasks,1. Model Updates,
OpenAI Structured Outputs GA,https://www.eesel.ai/blog/openai-json-mode,eesel AI,11/16/2025,Schema-compliant JSON strict format enforcement,6. Prompt / Code / Workflow / MCP / Agent,
Cloudflare Workers AI JSON Mode,https://developers.cloudflare.com/changelog/2025-02-25-json-mode/,Cloudflare,2/24/2025,Structured JSON outputs compatible OpenAI SDK,2. Frameworks (SDK / API),
Gemini 3 JSON Mode Launch,https://sparkco.ai/blog/gemini-3-json-mode,SparkCo AI,12/18/2025,Multimodal schema-enforced JSON structured outputs,1. Model Updates,
Berkeley Function Calling Leaderboard V4,https://gorilla.cs.berkeley.edu/leaderboard.html,Berkeley,12/16/2025,BFCL V4 holistic agentic evaluation,4b. Benchmarks,
Azure JSON Mode API Support,https://learn.microsoft.com/en-us/azure/ai-services/openai/how-to/json-mode?tabs=python,Microsoft,3/25/2025,API version 2023-12-01-preview JSON mode,2. Frameworks (SDK / API),
Function Calling EMNLP 2025,https://arxiv.org/abs/2509.18076,arXiv,9/21/2025,3-12% improvement function calling accuracy,5. Papers,
SLOT Structured Output Transformer,https://arxiv.org/html/2505.04016v1,arXiv,5/1/2025,Model-agnostic unstructured to structured conversion,1. Model Updates,
OpenAI Strict JSON Schema Support,https://www.progress.com/blogs/understanding-structured-output-in-llms,Progress,6/16/2025,Predictable schema-compliant JSON responses,6. Prompt / Code / Workflow / MCP / Agent,
MCP JSON-RPC 2.0 Support,https://dev.to/dataformathub/the-evolving-landscape-of-data-formats-json-yaml-and-the-rise-of-specialized-standards-in-2025-3mp8,DEV,12/1/2025,MCP standardizes AI agent API calls,2. Frameworks (SDK / API),
Claude Programmatic Tool Calling Beta,https://releasebot.io/updates/anthropic/anthropic-api,Releasebot,11/24/2025,Tools from code execution reduce latency,1. Model Updates,
OpenAI Services Agreement December Update,https://openai.com/policies/services-agreement/,OpenAI,12/1/2025,30-day renewal notice price correction rights,3. New Tools,
EU AI Act TDM Article 4,https://kaptur.co/august-2-2025-the-end-of-the-ai-wild-west/,Kaptur,8/2/2025,Commercial TDM unless rights explicitly reserved,8. Regulations & Technical Reports,
US AI Export License Exception AIA,https://www.arnoldporter.com/en/perspectives/advisories/2025/01/commerce-dept-global-restrictions-on-ai-technologies,Arnold Porter,1/15/2025,Artificial Intelligence Authorization for T1 destinations,8. Regulations & Technical Reports,
Azure Responses API Model Support,https://learn.microsoft.com/en-us/azure/ai-foundry/openai/how-to/responses?view=foundry-classic,Microsoft,12/8/2025,gpt-5.2 gpt-5.2-chat gpt-5.1-codex-max support,1. Model Updates,
